ACEGUA,8889621.64,4942,1798.7902954269528,1551.339,0.687,20.41,26548533.75,23549109.68,51069.07
AGUA SANTA,6353422.28,3743,1697.4144483035,291.503,0.75,69.77,25897400.87,20012529.849999998,88151.28
AGUDO,10014811.71,16401,610.622017559905,534.624,0.694,12.42,63192464.870000005,51366673.37,30258.08
AJURICABA,6669565.67,6987,954.5678646056963,322.674,0.753,14.71,26396043.14,21630982.89,42299.19
ALECRIM,3967990.44,5827,680.9662673760082,316.394,0.672,33.9,22917276.03,20554573.759999998,18159.02
ALEGRETE,43231709.75,73028,591.9881381114093,7800.428,0.74,13.51,225019541.07999998,199319405.83,29467.27
ALEGRIA,3501326.17,3374,1037.7374540604624,172.794,0.695,26.32,21841344.83,17891139.490000002,31929.57
ALMIRANTE TAMANDARE,4642825.300000001,1949,2382.1576706003084,265.042,0.74,41.67,16595423.98,13286489.47,83157.15
ALPESTRE,20094829.12,6067,3312.152483929455,325.979,0.671,13.89,50164466.72,39342562.05,76014.58
ALTO ALEGRE,2086506.0399999998,1613,1293.556131432114,115.335,0.747,47.62,14976064.200000001,13265165.96,40017.04
ALTO FELIZ,3095716.86,3036,1019.6695849802371,78.846,0.734,31.25,20197814.099999998,13761353.010000002,31143.68
ALVORADA,23228815.689999998,211352,109.90582388621824,71.7,0.699,10.11,358403061.81,290560430.64,12914.08
AMARAL FERRADOR,3740561.2299999995,7085,527.9550077628793,505.983,0.624,17.54,18819766.619999997,16883055.7,14085.63
AMETISTA DO SUL,4326184.52,7403,584.3826178576252,93.704,0.682,25.97,24884773.6,21341452.990000002,16218.9
ANDRE DA ROCHA,2981009.59,1343,2219.6646239761726,331.227,0.72,66.67,13615322.63,11441323.15,83234.43
ANTA GORDA,6058704.899999999,5961,1016.3906894816305,242.26,0.74,17.86,26400227.459999997,18964882.59,35792.01
ANTONIO PRADO,12224969.33,13045,937.1383158298198,348.132,0.758,16,52701150.690000005,39358594.78,46929.32
ARAMBARE,4109195.4299999992,3562,1153.6202779337448,518.193,0.691,24.39,19350070.54,17402419.11,33616.2
ARARICA,2726193.59,5771,472.39535435799684,35.391,0.679,10.53,28056289.81,27235365.44,28896.53
ARATIBA,25349711.439999998,6189,4095.930108256584,342.279,0.772,20,53325658.05,41529680.31,127640.3
ARROIO DO MEIO,23002439.619999997,20967,1097.0782477226116,157.088,0.769,25.64,74592769.21,66199839.980000004,59080.01
ARROIO DO PADRE,2222888.6800000006,10279,216.2553439050492,119.163,0.74,16.95,55278993.08,44607806.510000005,22719.58
ARROIO DO SAL,3025371.99,2951,1025.202300914944,124.693,0.669,35.71,15514877.370000001,12969974.81,15583.92
ARROIO DO TIGRE,6915636.02,14177,487.8067306200183,425.791,0.698,5.92,39356104.78,40049526.980000004,18526.84
ARROIO DOS RATOS,5455238.41,13413,406.7127719376724,315.132,0.707,6.17,34764392.64,34048157.89,25173.18
ARROIO GRANDE,17364252.260000005,18238,952.091910297182,2508.545,0.657,4.55,63823388.41,51641092.74,29608.24
ARVOREZINHA,5310856.99,10423,509.5324752950207,270.241,0.694,8.77,35872639.32,29425308.669999998,23846.62
AUGUSTO PESTANA,7479960.220000002,6602,1132.983977582551,348.231,0.743,13.16,27924080.95,23858715.069999997,50680.21
AUREA,3108529.44,3535,879.3576916548798,156.727,0.707,58.82,16465174.900000002,14531322.15,30231.78
BAGE,25300164.450000003,121335,208.51497465694155,4090.36,0.74,17.64,343433628.12,352375094.62,24620.88
BALNEARIO PINHAL,2649112.79,14363,184.4400744969714,102.386,0.696,13.99,51658836.589999996,40349653.910000004,15745.16
BARAO,6475452.329999999,6202,1044.0909916156077,124.113,0.748,31.75,28504951.27,22700871.09,34635.32
BARAO DO COTEGIPE,6504434.100000001,6620,982.542915407855,260.505,0.719,9.62,22423352.29,18698722.14,32944.09
BARAO DO TRIUNFO,3258372.46,7519,433.35183668040963,436.101,0.61,13.7,22103736.62,18307818.47,14899.99
BARRA DO GUARITA,2216177.0,5256,421.6470700152207,515.469,0.71,15.38,23283591.77,20402345.77,41223.77
BARRA DO QUARAI,5900512.760000001,3257,1811.6403929996932,62.801,0.734,19.23,17288612.98,11528531.61,12980.24
BARRA DO RIBEIRO,6574563.859999999,4227,1555.3735178613672,1055.937,0.662,18.87,22275855.64,18478579.2,41512.15
BARRA DO RIO AZUL,2266131.2499999995,13556,167.16813588079077,729.316,0.67,18.4,36620742.56,31563989.41,23808.18
BARRA FUNDA,3743329.0100000002,1655,2261.8302175226586,146.995,0.723,55.56,18332593.400000002,13199761.270000001,28324.42
BARRACAO,6266744.180000001,2551,2456.58337122697,60.437,0.763,27.78,20920752.6,15998351.129999999,51934.53
BARROS CASSAL,4327388.170000001,11182,386.995901448757,647.994,0.65,9.62,35255253.11,25036505.55,18267.07
BENJAMIN CONST. SUL,2187489.6799999997,1958,1117.206169560776,132.351,0.619,41.67,13956395.68,12934157.88,15705.07
BENTO GONCALVES,71792097.47,121803,589.4115700762707,273.576,0.778,10.38,499680208.21000004,409196831.59999996,50090.88
BOA VISTA DAS MISSOE,2636192.4699999997,2092,1260.1302437858508,196.064,0.676,29.41,17672445.459999997,13862731.229999999,74115.58
BOA VISTA DO BURICA,5323994.81,6712,793.205424612634,109.541,0.762,22.99,29753104.34,23270488.02,31944.72
BOA VISTA DO CADEADO,7880519.39,2468,3193.079169367909,701.221,0.703,41.67,22315283.59,17560949.27,111358.71
BOA VISTA DO INCRA,5709205.399999999,2616,2182.417966360856,504.114,0.731,21.74,18590778.57,15342665.83,78059.04
BOA VISTA DO SUL,5975406.4399999995,2778,2150.9742404607628,92.956,0.728,71.43,23858675.21,18636135.72,32609.62
BOM JESUS,12069494.12,11309,1067.2468051993988,2622.837,0.666,12.12,39922421.260000005,38042211.730000004,29455.96
BOM PRINCIPIO,10659873.87,14255,747.7989386180287,88.774,0.746,11.83,55399869.61,46618538.86,47015.72
BOM PROGRESSO,2511568.47,1899,1322.574233807267,89.206,0.723,29.41,13815774.48,12414336.48,26576.4
BOM RETIRO DO SUL,5418751.430000001,12390,437.3487836965295,102.54,0.739,12.12,32956164.360000003,28906300.97,24714.62
BOQUEIRAO DO LEAO,4059553.9999999995,7702,527.077901843677,265.952,0.7,31.25,25855660.84,20691740.14,17035.2
BOSSOROCA,8966298.71,6205,1445.0118791297343,1610.056,0.692,18.52,36220002.339999996,28267859.6,51819.37
BOZANO,3928462.5700000003,2111,1860.9486357176695,200.497,0.745,45.45,14320447.03,12588726.53,72960.7
BRAGA,2563024.0799999996,3311,774.0936514648141,132.044,0.674,19.61,15109453.600000001,13453969.85,25280.38
BROCHIER,3586276.1499999994,5104,702.640311520376,105.353,0.699,20,24671282.759999998,20390277.150000002,16588.07
BUTIA,6958150.119999999,20952,332.0995666284841,752.187,0.689,12.35,51269888.830000006,48652683.24,21264.2
CACAPAVA DO SUL,23442758.98,33548,698.7826093954931,3047.113,0.704,13.66,104304782.14,96550585.30000001,24228.03
CACEQUI,9372913.809999999,12423,754.4807059486435,2373.507,0.7,10.2,50754641.86000001,37893479.07,26938.69
CACHOEIRA DO SUL,29770145.449999996,81869,363.631477726612,3736.158,0.742,7.02,229150140.04999998,220437533.82000002,28528.77
CACHOEIRINHA,72280243.33,131240,550.748577644011,43.778,0.757,8.98,397285386.96,353604786.45,40778.59
CACIQUE DOBLE,3524732.12,5074,694.665376428853,204.055,0.662,32.79,20873499.8,16570444.83,22514.36
CAIBATE,3111199.13,4823,645.0754986522911,261.303,0.719,21.74,23000540.28,6899456.46,36721.95
CAICARA,2981636.0500000003,4700,634.3906489361702,189.16,0.699,18.52,21044922.4,16441854.56,21186.87
CAMAQUA,36264293.49999999,66478,545.5081906796232,1680.168,0.697,17.81,179124119.0,152356303.86,30465.98
CAMARGO,6732236.64,2742,2455.228533916849,138.069,0.736,37.04,18751736.099999998,15998181.01,60853.95
CAMBARA DO SUL,4989763.250000001,6406,778.9202700593195,1181.811,0.697,15.63,27082760.38,23798824.72,28008.65
CAMPESTRE DA SERRA,5781016.94,3395,1702.8032223858618,537.994,0.706,74.07,19492707.09,17085866.25,50780.76
CAMPINA DAS MISSOES,3793048.0,5398,702.6765468692108,224.801,0.738,16.95,25398232.31,21983458.82,27450.04
CAMPINAS DO SUL,5904953.129999998,5438,1085.8685417432876,276.162,0.76,18.52,22542712.14,19560178.619999997,40461.26
CAMPO BOM,33444612.24,69458,481.5084258112816,60.579,0.745,4.42,295667573.45000005,223333197.19,47163.5
CAMPO NOVO,3971448.440000001,4376,907.5522029250459,220.719,0.703,11.76,19491587.790000003,17638815.14,45569.06
CAMPOS BORBES,2633193.61,3295,799.1482883156297,226.202,0.708,17.54,19979979.78,16505202.51,29714.95
CANDELARIA,15636047.95,31421,497.6305003023455,944.058,0.674,15.53,92299970.8,74456989.89,26579.24
CANDIDO GODOI,5895056.08,6151,958.3898683140952,247.047,0.728,21.28,27554152.65,22357002.11,38102.02
CANDIOTA,12384795.120000001,9647,1283.79756608272,933.628,0.698,7.69,60622883.48,49151989.9,66192.85
CANELA,13193911.27,45488,290.05256924903273,253.002,0.748,10.8,150158767.23999998,139251530.41,25378.74
CANGUCU,24609129.380000003,56211,437.79917418298913,3526.253,0.65,15.38,161314128.20000002,132705375.91,19932.46
CANOAS,488033239.35000014,348208,1401.5566539252404,130.789,0.75,8.62,1696189306.7,1511073044.85,55594.2
CANUDOS DO VALE,3282797.75,1705,1925.3945747800587,82.908,0.713,66.67,14798569.030000001,11649256.219999999,25040.62
CAPAO BONITO DO SUL,5190460.930000001,1641,3162.986550883608,526.85,0.637,55.56,16948247.060000002,14604307.280000001,118271.57
CAPAO DA CANOA,2440301.670000002,54051,45.14813176444473,98.29,0.743,15.64,214804365.35999998,191982067.35999998,27586.32
CAPAO DO CIPO,8923153.969999999,3699,2412.3152122195183,1007.796,0.672,35.71,24147849.93,19946168.08,89491.93
CAPAO DO LEAO,11061448.71,25409,435.33585383131964,783.624,0.637,21.05,61854145.78,55573083.839999996,20071.27
CAPELA DE SANTANA,4051405.6900000004,4728,856.8962965313029,412.889,0.766,21.28,21416846.35,19148513.98,45334.3
CAPITAO,6638114.64,12064,550.241598143236,182.595,0.661,7.87,35142838.0,27958525.99,17164.57
CAPIVARI DO SUL,5124883.840000001,2763,1854.825855953674,73.967,0.746,35.71,21044282.61,18205945.61,23671.55
CARAA,2867558.55,62265,46.05410021681522,666.694,0.766,12.39,247260226.85999998,205274168.65,48591.24
CARAZINHO,52930792.16,8350,6339.0170251497,294.456,0.652,45.45,23665950.06,20893657.889999997,13451.66
CARLOS BARBOSA,42170331.4,30241,1394.4754273998876,230.68,0.796,6.64,134175344.8,107434302.47,85997.12
CARLOS GOMES,1773983.5299999998,1351,1313.0892153960028,83.155,0.739,-,13093961.129999999,10925403.66,27714.78
CASCA,10449486.240000002,9051,1154.5117931720254,272.041,0.785,8.55,32602689.4,28589455.880000003,48621.48
CASEIROS,4317458.31,3216,1342.4932555970147,235.863,0.703,26.32,20258926.61,14000498.79,42539.09
CATUIPE,8659998.709999999,8701,995.2877496839443,583.184,0.739,35.71,29730563.79,26224634.099999998,43987.78
CAXIAS DO SUL,311016226.77000004,517451,601.0544510881224,1652.308,0.782,8.91,1943956488.08,1758354814.87,48959.4
CENTENARIO,3082650.960000001,2877,1071.4810427528678,134.23,0.701,60.61,15047603.26,12156034.98,25470.52
CERRITO,3420373.5700000003,6047,565.631481726476,451.699,0.649,20,21877957.11,17786055.14,15278.24
CERRO BRANCO,2669170.4200000004,4706,567.1845346366341,158.025,0.661,23.26,22828047.75,17549231.29,15482.58
CERRO GRANDE,1577330.5999999999,2296,686.9906794425086,73.438,0.674,33.33,16236366.190000001,13082012.19,24152.21
CERRO GRANDE DO SUL,3854163.7900000005,12413,310.494142431322,324.908,0.66,7.81,29144086.0,27192420.81,13284.89
CERRO LARGO,4762304.879999999,14189,335.63358094298394,176.643,0.764,13.33,47201373.18,42105724.76,52173.65
CHAPADA,10294974.87,9239,1114.2953642169066,684.247,0.757,14.71,42527391.7,35331692.349999994,50329.86
CHARQUEADAS,29404744.04,41258,712.7040583644384,217.362,0.747,5.45,117582829.95,104656384.65,42460.28
CHARRUA,3007369.0399999996,3252,924.7752275522754,198.748,0.62,30.3,15072803.809999999,12085119.9,27751.75
CHIAPETA,6575021.010000001,3719,1767.954022586717,397.179,0.732,17.86,20474642.380000003,17318541.46,56408.67
CHUI,6013229.42,6770,888.2170487444608,202.387,0.706,22.73,22187412.970000003,18799203.0,57139.27
CHUVISCA,2923704.01,5480,533.5226295620438,220.471,0.616,61.22,18391687.87,16082566.31,18909.13
CIDREIRA,2023726.6300000004,16583,122.036219622505,243.42,0.729,4.98,64061617.63999999,55416893.92,17575.91
CIRIACO,4097680.480000001,4719,868.3366136893411,274.35,0.719,58.82,21993928.16,17742465.080000002,31167.73
COLINAS,5026234.029999999,2469,2035.7367476711217,60.732,0.765,38.46,18400225.5,14119315.34,24097.69
COLORADO,5916860.620000001,3130,1890.3708051118215,286.295,0.758,41.67,23770048.31,18230229.09,65388.67
CONDOR,9385774.71,6759,1388.633630714603,463.568,0.747,12.05,34620939.41,28217671.75,57445.77
CONSTANTINA,7238047.27,9907,730.5993004945998,203.614,0.754,24,34866852.25,31729666.88,30642.99
COQUEIRO BAIXO,2468688.5499999993,1495,1651.2966889632103,112.439,0.692,285.71,13736835.25,12098703.76,22487.08
COQUEIROS DO SUL,3871157.78,2286,1693.4198512685914,277.147,0.746,47.62,19331415.31,14959060.93,52168.1
CORONEL BARROS,3997547.6,2520,1586.3284126984126,163.684,0.744,37.04,20534238.41,16595227.05,48213.49
CORONEL BICACO,6567622.83,7268,903.635502201431,492.303,0.665,11.11,35370868.67,24301260.92,40506.06
CORONEL PILAR,2738315.0799999996,1614,1696.6016604708796,105.447,0.727,66.67,15138039.02,10343473.61,24110.93
COTIPORA,5925551.99,3838,1543.916620635748,173.207,0.741,41.67,21260068.419999998,18039338.11,40870.16
COXILHA,6780034.920000001,2743,2471.7589938024066,422.101,0.706,31.25,20612125.080000002,15593650.540000001,79144.17
CRISSIUMAL,8224437.149999999,13357,615.7398480197648,362.194,0.712,7.52,41619497.43,37252241.260000005,25509.72
CRISTAL,5180527.16,8067,642.1875740671874,682.138,0.644,12.2,31927743.020000003,25180213.75,22553.79
CRISTAL DO SUL,2871296.1299999994,2844,1009.5977953586496,97.077,0.66,37.04,15033462.32,14644240.67,20636.29
CRUZ ALTA,32083826.61,59922,535.4264979473315,1360.548,0.75,6.96,153363771.04,143288813.72,65065.59
CRUZALTENSE,2890416.5899999994,1799,1606.6795942190101,166.883,0.719,47.62,14893472.39,12365563.14,45673.33
CRUZEIRO DO SUL,9529105.43,12402,768.3523165618449,155.058,0.723,9.43,33724296.67,30091972.4,29050.27
DAVID CANABARRO,4409760.03,4736,931.1148711993244,174.734,0.762,54.05,18124685.47,16647680.16,31003.4
DERRUBADAS,4137803.9300000006,2761,1498.6613292285406,360.851,0.707,34.48,18056309.689999998,14847942.530000001,28789.23
DEZESSEIS NOVEMBRO,2265635.35,2378,952.7482548359967,217.363,0.654,37.04,16564363.990000002,12933073.08,15928.74
DILERMANDO DE AGUIAR,4217598.34,3002,1404.9294936708861,600.518,0.648,41.67,20684153.490000002,14532210.67,47554.4
DOIS IRMAOS,14857431.309999999,33119,448.60748543132337,66.114,0.743,17.68,106704393.33000001,90620081.57,62157.03
DOIS IRMAOS MISSOES,3999224.14,2008,1991.6454880478088,226.072,0.67,35.71,15718875.4,13309732.309999999,56332.81
DOIS LAJEADOS,4373369.58,3405,1284.3963524229075,133.535,0.757,80,19161682.6,15301453.620000001,28422.03
DOM FELICIANO,7760170.18,15487,501.07639826951635,1355.195,0.587,13.33,41028692.53,39189235.94,15501.61
DOM PEDRITO,30925542.72,2527,12238.046189157103,78.219,0.691,47.62,17050224.08,13144867.11,21488.71
DOM PEDRO DE ALCANTA,1904145.0699999998,38339,49.66600772059782,5194.051,0.708,4.82,144387336.1,104390853.22999999,34347.33
DONA FRANCISCA,2321277.1199999996,2999,774.0170456818938,114.149,0.697,31.25,17545431.759999998,14104977.549999999,24391.42
DR. MAURICIO CARDOSO,6082740.02,4462,1363.2317391304348,255.731,0.706,51.28,27465603.25,19560662.799999997,42284.55
DR. RICARDO,2220808.43,1975,1124.4599645569622,107.976,0.724,90.91,13955640.06,11586354.2,26187.1
ELDORADO DO SUL,18072419.330000002,41902,431.30206982960243,509.614,0.717,7.01,143141609.1,107529168.47999999,39551.13
ENCANTADO,15844280.590000004,22880,692.4947810314687,140.006,0.767,6.85,83996529.03999999,70043856.89,39380.74
ENCRUZILHADA DO SUL,15784617.289999997,25960,608.0361051617873,3348.447,0.657,14.18,83090590.67999999,64389715.949999996,20766.94
ENGENHO VELHO,1432592.34,982,1458.8516700610999,71.191,0.717,27.03,15833632.030000001,12210941.07,45607.32
ENTRE RIOS DO SUL,5286272.249999999,8411,628.4950957080014,552.986,0.68,20.62,36987099.47,30083897.799999997,47488.62
ENTRE-IJUIS,8393971.010000002,2758,3043.4992784626547,119.912,0.703,33.33,19511339.04,17850418.83,68317.58
EREBANGO,3760613.09,2982,1261.1043226022803,152.793,0.712,21.74,20441522.75,16206073.290000001,36857.45
ERECHIM,45877581.01,106633,430.2381158740727,429.164,0.776,7.46,297865902.04,234782887.61,47080.69
ERNESTINA,4622772.460000001,3170,1458.2878422712936,238.558,0.716,24.39,17830522.49,16484880.6,45663.19
ERVAL GRANDE,4099868.54,6814,601.6830848253595,1759.717,0.687,14.29,28658593.95,24296955.99,19618.79
ERVAL SECO,5998072.769999999,4819,1244.6716683959326,285.677,0.681,31.75,19814675.220000003,18720856.34,19210.49
ESMERALDA,5986995.77,6802,880.1816774478094,357.181,0.685,12.5,23586094.33,21304918.42,32927.94
ESPERANCA DO SUL,3070550.4000000004,3287,934.1498022512931,829.587,0.68,37.04,22041434.150000002,19059471.16,65767.96
ESPUMOSO,13255873.59,2885,4594.75687694974,148.909,0.661,26.32,19298559.55,14366558.24,24151.55
ESTACAO,5757303.260000001,15591,369.27094221024953,783.642,0.765,10.15,57995077.67,50633655.35,49684.93
ESTANCIA VELHA,17730663.689999994,5940,2984.960217171716,99.757,0.753,13.89,26085940.56,20326088.44,60033.72
ESTEIO,64161513.49000001,50672,1266.2123754736344,51.779,0.757,15.27,148029472.19,120403419.41,29630.14
ESTRELA,20014632.630000003,83279,240.3322882119142,27.676,0.754,11.75,301406726.28000003,262107480.57000002,38249.4
ESTRELA VELHA,4572352.250000001,34399,132.92108055466733,185.026,0.767,11.11,118768302.72000001,103991011.67,43585.52
EUGENIO DE CASTRO,5208879.01,3650,1427.0901397260272,281.613,0.679,33.33,24031649.66,17907964.240000002,35090.1
FAGUNDES VARELA,3541708.9399999995,2352,1505.8286309523808,418.069,0.712,38.46,21153809.36,16704119.709999999,84768.84
FARROUPILHA,53896003.32,2741,19662.897964246626,134.295,0.763,142.86,19562560.08,15657151.959999999,28469.52
FAXINAL DO SOTURNO,3440975.46,73061,47.09729486319651,361.372,0.777,5.72,258342460.53,212320934.37,47878.78
FAXINALZINHO,2560390.9099999997,6663,384.2699849917454,169.514,0.72,15.87,28791682.87,21258781.72,30334.78
FAZENDA VILANOVA,3745590.67,2284,1639.9258625218913,143.321,0.666,38.46,13925320.620000001,12444132.58,28025.65
FELIZ,5844115.700000001,4608,1268.2542751736114,84.794,0.698,18.87,21283935.61,16119122.950000001,25799.93
FLORES DA CUNHA,32357304.86,13640,2372.236426686217,94.832,0.75,13.33,52318266.71,42841413.800000004,31408.48
FLORIANO PEIXOTO,2225223.36,31063,71.63581624440653,276.231,0.754,13.19,121269741.75,97657108.34,53356.89
FONTOURA XAVIER,3624321.88,1737,2086.541093839954,168.521,0.663,125,15320698.379999999,11065216.23,32812.94
FORMIGUEIRO,4130684.5400000005,10241,403.3477726784494,583.465,0.661,11.24,29049740.82,26188788.68,19353.31
FORQUETINHA,2430238.5999999996,6616,367.3274788391777,578.875,0.682,14.49,26870566.200000003,21061916.099999998,28268.41
FORTALEZA DOS VALOS,7998939.39,2400,3332.8914124999997,93.275,0.683,58.82,11988822.53,11091391.120000001,17422.52
FREDERICO WESTPHALEN,20156837.130000003,4285,4704.046004667445,650.512,0.756,20.41,32082205.580000002,22414803.54,74415.91
GARIBALDI,30390582.080000002,31498,964.8416432789384,265.181,0.76,5.03,103770422.35,73774317.47,36706.92
GARRUCHOS,3960580.709999999,35440,111.75453470654625,167.559,0.786,10,141656111.63,113849769.69,59883.3
GAURAMA,5797279.510000001,2886,2008.7593589743592,803.737,0.671,40,22135747.599999998,15975775.879999999,42267.42
GENERAL CAMARA,4543570.63,5489,827.7592694479869,204.428,0.738,19.23,22522756.369999997,17579933.369999997,42172.48
GENTIL,3711026.09,8361,443.8495502930271,510.01,0.686,11.11,21506479.11,17890605.47,18762.91
GETULIO VARGAS,7625648.47,1626,4689.820707257072,184.715,0.733,38.46,14768638.97,11861221.52,67135.65
GIRUA,14465016.14,16184,893.7849814631735,287.466,0.746,10.31,54628396.11,44655776.559999995,34152.09
GLORINHA,7011289.629999999,15863,441.99014246989844,857.059,0.721,15.79,71959931.48,61768177.03,48599.82
GRAMADO,21016267.27,8204,2561.7098086299366,323.955,0.714,10.64,32991640.15,33087620.96,41243.59
GRAMADO DOS LOUREIRO,2164600.64,36555,59.21489919299686,239.341,0.764,8.22,233602193.70000002,216720676.89000002,54901.17
GRAMADO XAVIER,2411192.8200000003,2058,1171.61944606414,131.396,0.685,45.45,16440806.99,11574730.44,25351.87
GRAVATAI,156291790.60999998,4352,35912.63571001838,217.515,0.634,48.78,17998482.1,15817481.43,19318.33
GUABIJU,2518281.76,283620,8.879069741203017,468.288,0.736,11.45,788308102.3499999,704080668.1999999,42820.82
GUAIBA,84012115.11999999,1490,56383.96987919462,146.925,0.758,-,13074174.98,11686152.53,48844.08
GUAPORE,13512057.920000002,98239,137.5427062571891,376.166,0.73,9.76,299640049.83,241629931.61999997,68641.09
GUARANI DAS MISSOES,4129003.87,25968,159.00353781577326,297.545,0.765,12.5,96100617.21,74803778.41,34001.53
HARMONIA,8078004.03,7463,1082.4070789226853,290.7,0.737,11.24,27663186.37,25187470.06,46961.83
HERVAL,5744634.94,4917,1168.3211185682328,48.562,0.749,22.22,30745510.51,24571193.39,35168.13
HERVEIRAS,2039878.0199999996,3019,675.6800331235507,118.252,0.616,66.67,14430501.850000001,12660691.09,19922.85
HORIZONTINA,30092697.39,19389,1552.049996905462,229.694,0.783,11.24,110443570.99,84110490.9,84405.81
HULHA NEGRA,6954103.669999999,6836,1017.2767217671151,822.608,0.643,14.71,25728644.970000003,20944541.65,30024.62
HUMAITA,5630270.2299999995,4736,1188.823950591216,135.01,0.738,22.73,26800765.35,21490228.51,30293.45
IBARAMA,2955239.29,4399,671.7979745396681,195.426,0.652,25.64,17971718.110000003,16630525.409999998,20531.21
IBIACA,6502786.03,4699,1383.8659353053843,348.778,0.739,31.25,27178795.53,20966366.43,47075.19
IBIRAIARAS,5673436.6499999985,7265,780.9272746042668,292.16,0.724,14.29,29828839.32,23723324.44,33922.21
IBIRAPUITA,3059835.17,4000,764.9587925,307.164,0.638,30.3,21103760.259999998,18158481.09,29111.88
IBIRUBA,19146486.470000003,20413,937.9555415666488,607.185,0.765,14.44,82619922.41,67083458.339999996,52551.35
IGREJINHA,25895415.34,37340,693.5033567220139,137.548,0.721,13.51,129334221.67,105870016.05000001,49798.73
IJUI,42836444.55,83764,511.39444809225915,688.982,0.781,12.07,367898415.79,322410221.83,42446.9
ILOPOLIS,2851813.69,4066,701.3806419085096,118.144,0.73,37.04,19641294.490000002,14208733.280000001,25566.37
IMBE,4138794.92,23271,177.85204417515362,39.766,0.764,16.89,93697309.7,86666623.28,20405.2
IMIGRANTE,6004152.15,3100,1936.8232741935485,71.716,0.743,62.5,22621720.5,19340551.54,76801.62
INDEPENDENCIA,7572053.77,6109,1239.4915321656572,358.283,0.693,12.66,27809421.03,23496471.84,45611.91
INHACORA,2511071.5199999996,2215,1133.666600451467,113.749,0.673,40,14300954.170000002,13152943.9,32435.19
IPE,6704159.619999999,6689,1002.2663507250709,599.361,0.728,19.23,26439355.52,21629964.04,29864.74
IPIRANGA DO SUL,3889355.14,1880,2068.805925531915,158.71,0.791,166.67,15743403.979999999,13386929.690000001,54739.6
IRAI,3502630.7399999998,7141,490.49583251645424,181.579,0.691,9.62,21118445.169999998,17857660.240000002,23137.18
ITAARA,2537975.81,5537,458.3665902113058,172.801,0.76,17.54,18509782.4,16493692.470000003,22856.48
ITACURUBI,4679446.819999999,3460,1352.4412774566472,1120.874,0.657,41.67,18074020.87,15199270.350000001,26512.97
ITAPUCA,2439449.06,2065,1181.3312639225182,184.673,0.664,52.63,14448839.84,11837662.270000001,27090.56
ITAQUI,31153559.969999995,37489,831.0053607724931,3406.606,0.713,18.15,110187865.57,109059943.16,36770.02
ITATI,2400469.95,2397,1001.4476220275345,205.321,0.669,125,14779515.46,12529426.659999998,26379.0
ITATIBA DO SUL,2598481.08,3231,804.2343175487465,212.669,0.681,43.48,20611191.470000003,16955737.73,17120.09
IVORA,1414814.63,1881,752.1608878256246,122.93,0.724,-,13908711.48,11563703.229999999,27266.57
IVOTI,11985705.86,24690,485.4477869582827,63.092,0.784,11.07,89287145.51,67632303.01,42392.5
JABOTICABA,2524866.11,3773,669.1932441028359,127.589,0.658,40.82,16607682.850000001,13538100.73,25581.78
JACUIZINHO,3264195.1000000006,2706,1206.2805247597933,339.399,0.662,55.56,15167505.370000001,13466829.120000001,43708.96
JACUTINGA,3841905.16,3546,1083.4475916525664,178.009,0.726,68.97,20329547.2,15444499.87,37600.75
JAGUARAO,12227316.030000001,26500,461.4081520754717,2051.845,0.707,24.62,87238156.98,72245378.63000001,24959.82
JAGUARI,4401123.740000001,10765,408.83639015327464,675.314,0.712,23.53,38963780.489999995,34087805.52,23282.63
JAQUIRANA,3751646.52,3662,1024.480207536865,908.879,0.614,18.18,20416122.66,16166576.38,17759.46
JARI,4928886.010000001,3486,1413.9087808376364,853.08,0.631,28.57,22238518.380000003,15751168.51,62056.45
JOIA,10689595.78,8566,1247.909850572029,1238.918,0.686,13.89,42459690.519999996,32533973.25,61671.49
JULIO DE CASTILHOS,20298065.14,19224,1055.8710538909697,1929.544,0.716,12.45,77913771.44,63239138.36,67506.41
LAGOA BONITA DO SUL,2106437.88,2921,721.13587127696,109.281,0.67,37.04,13940653.25,12121717.81,20740.88
LAGOA DOS TRES CANTO,3263777.08,6461,505.1504534901718,387.455,0.643,15.38,22550250.33,18523427.479999997,17328.85
LAGOA VERMELHA,19829276.929999996,1607,12339.313584318603,138.602,0.789,83.33,17057220.66,12815482.72,58589.01
LAGOAO,2536045.3699999996,27778,91.29690294477643,1260.227,0.738,10.15,76755624.41000001,79573800.07,41824.19
LAJEADO,47608801.510000005,85033,559.8861796008609,91.231,0.778,4.01,313426429.33000004,257293542.68,51129.4
LAJEADO DO BUGRE,1202955.8999999997,2566,468.8058846453623,67.947,0.613,27.78,13959004.91,11219606.91,19110.67
LAVRAS DO SUL,8384343.029999999,7444,1126.3222770016118,2600.969,0.699,13.89,40036162.470000006,32066327.62,33585.41
LIBERATO SALZANO,3962507.0600000005,5152,769.1201591614907,245.627,0.685,16.39,21566552.28,18628829.430000003,26530.72
LINDOLFO COLLOR,3668635.6999999997,6125,598.9609306122449,33.351,0.712,12.05,26316343.3,18835380.11,49614.84
LINHA NOVA,2034212.4400000002,1719,1183.369656777196,63.502,0.749,142.86,12244826.709999999,9721991.379999999,28231.24
MACAMBARA,10924361.93,5427,2012.9651612308826,335.198,0.692,27.03,22641841.26,20367881.79,32759.17
MACHADINHO,3846387.44,4562,843.1362209557211,1682.82,0.684,32.79,26115049.419999998,17242523.62,53206.04
MAMPITUBA,2259609.06,2973,760.0434106962664,156.653,0.649,34.48,17104600.84,13934415.97,17811.58
MANOEL VIANA,7129876.760000001,7307,975.7597865060901,1390.696,0.655,19.23,24016816.15,20462172.18,38077.86
MAQUINE,3699262.0000000005,6681,553.6988474779225,613.328,0.682,41.67,25260845.95,21079416.5,17974.48
MARATA,4210557.47,2702,1558.3114248704662,82.063,0.697,-,21083682.0,17162945.68,25836.81
MARAU,34892505.19,44858,777.8435327031967,649.77,0.774,7.52,134010056.29,120754982.08,47227.43
MARCELINO RAMOS,3563465.86,4319,825.0673442926603,229.759,0.724,29.41,21555892.080000002,18131620.869999997,25962.98
MARIANA PIMENTEL,2608108.0999999996,3888,670.8096965020575,338.45,0.701,30.3,18283128.65,13110205.65,17088.47
MARIANO MORO,2240833.6699999995,2009,1115.397546042807,98.727,0.73,58.82,14891981.36,12052722.43,24561.27
MARQUES DE SOUZA,4419601.869999999,3995,1106.2833216520648,125.714,0.687,21.74,19305852.22,16099868.270000001,21853.47
MATA,2372931.3899999997,4797,494.6698749218261,316.121,0.656,54.05,20420286.28,16818550.200000003,23487.15
MATO CASTELHANO,3662210.339999999,2542,1440.6807002360342,238.268,0.727,46.51,15704448.74,13481050.83,40974.96
MATO LEITAO,5749107.189999999,4573,1257.1850404548434,46.799,0.746,37.04,26467225.56,19159419.95,34596.54
MATO QUEIMADO,1974902.1700000002,1629,1212.3401903007982,114.653,0.717,45.45,15489186.9,11880363.35,35649.15
MAXIMILIANO ALMEIDA,2656362.870000001,4314,615.7540264255913,208.439,0.699,41.67,18408712.69,16021013.59,26275.72
MINAS DO LEAO,3952137.2600000007,8103,487.7375367147971,424.339,0.681,19.61,28075103.07,24196044.05,21970.07
MIRAGUAI,4550431.04,4911,926.5793198941153,131.236,0.725,29.85,17986079.66,15234526.959999999,27569.85
MONTAURI,3268694.75,1441,2268.3516655100625,82.23,0.764,90.91,14316179.21,11725557.02,38938.18
MONTE ALEGRE CAMPOS,4260992.630000001,3232,1318.3764325495051,549.456,0.65,40,17584740.93,15816377.469999999,20136.01
MONTE BELO DO SUL,3327587.08,2530,1315.2518102766799,69.726,0.752,76.92,16461323.509999998,13294879.65,30817.49
MONTENEGRO,52422912.14999999,65721,797.6584676130916,424.846,0.755,5.13,258131540.0,195508369.92,57568.88
MORMACO,2402844.0800000005,3113,771.8741021522649,146.191,0.714,58.82,15264941.41,13367757.65,35419.1
MORRINHOS DO SUL,2350736.62,2919,805.3225830763961,166.224,0.711,30.3,17678295.01,13321210.719999999,18521.64
MORRO REDONDO,3539572.88,6589,537.1942449537107,244.645,0.702,17.24,19904521.95,16214470.85,14014.95
MORRO REUTER,3967193.32,6513,609.1191954552434,89.412,0.743,33.9,24852067.11,20823655.18,28815.4
MOSTARDAS,10251280.009999998,12847,797.951273449054,1977.442,0.664,14.39,49719903.74,45534677.87,28099.77
MUCUM,4025034.88,4961,811.3353920580528,111.247,0.746,20.41,20106040.68,18911887.23,50658.96
MUITOS CAPOES,12068670.18,3173,3803.551900409707,1193.717,0.702,25.64,28872716.53,21478398.77,136948.23
MULITERNO,2560057.74,1897,1349.529646810754,111.132,0.689,29.41,13242421.870000001,11322717.479999999,27746.19
NAO ME TOQUE,20194862.500000004,17758,1137.226179749972,361.689,0.765,8,84979233.39,71619389.58,72952.08
NICOLAU VERGUEIRO,3313645.9899999998,1674,1979.477891278375,154.995,0.753,52.63,14204166.7,12883160.49,54560.41
NONOAI,7991391.93,11633,686.9588180177083,468.962,0.702,10.53,44644067.32,36324010.6,36362.42
NOVA ALVORADA,6566016.14,3663,1792.5241987441987,148.861,0.74,64.52,20925980.74,19202969.740000002,47136.72
NOVA ARACA,5481550.11,4826,1135.8371549937838,75.514,0.785,13.89,24418165.62,19414085.78,44993.4
NOVA BASSANO,6229983.409999999,10005,622.6869975012493,211.611,0.747,22.73,45308783.39,35890779.589999996,52022.36
NOVA BOA VISTA,3495360.1400000006,1753,1993.930484883058,93.733,0.768,100,17935507.18,13184628.15,50995.29
NOVA BRESCIA,5862606.75,3337,1756.8494905603836,102.994,0.778,33.33,21320861.64,17322924.45,31382.48
NOVA CANDELARIA,6101368.19,2688,2269.8542373511905,97.579,0.759,50,22379933.05,17038495.259999998,54286.94
NOVA ESPERANCA SUL,2835970.73,5410,524.2090073937153,191.0,0.735,32.79,19727395.36,15730274.24,24296.89
NOVA HARTZ,7913842.85,21875,361.7756731428571,62.319,0.689,14.98,60525220.02,49182460.36,29692.26
NOVA PADUA,4024176.43,2558,1573.172959343237,102.641,0.761,-,18059437.93,13340751.770000001,27898.35
NOVA PALMA,4842945.06,6515,743.3530406753645,314.613,0.744,14.93,28572972.96,21452741.23,47644.91
NOVA PETROPOLIS,12917128.770000001,21536,599.7923834509659,290.164,0.78,11.24,73973939.08,65588374.2,37459.32
NOVA PRATA,20026280.440000005,27648,724.330166377315,259.941,0.766,3.18,109933278.73,90217181.82,59362.18
NOVA RAMADA,4643690.079999999,2218,2093.6384490532005,255.264,0.742,40,16810576.68,14245050.42,66824.76
NOVA ROMA DO SUL,7275932.850000001,3717,1957.4745359160615,149.158,0.741,37.04,26300316.12,19027693.66,49916.71
NOVA SANTA RITA,28176565.13,29905,942.2024788496907,218.153,0.718,18.09,126337005.74,96236390.46,58018.11
NOVO BARREIRO,2838475.5500000007,4222,672.305909521554,192.998,0.688,26.32,17171707.35,14617858.59,21226.57
NOVO CABRAIS,3241903.2800000003,247032,13.123414294504357,222.536,0.747,12.76,923160918.8299999,892363074.68,38159.33
NOVO HAMBURGO,100605663.89999999,3256,30898.545423832922,218.836,0.663,38.46,20258538.1,15638794.53,35530.59
NOVO MACHADO,4628083.680000001,2200,2103.6744000000003,75.428,0.676,38.46,16991015.28,13073264.97,22159.08
NOVO TIRADENTES,2329303.7399999993,1712,1360.5746144859809,79.851,0.767,55.56,12834941.360000001,11662576.719999999,33153.97
NOVO XINGU,2128322.7099999995,4175,509.77789461077833,123.344,0.706,38.46,19701958.869999997,16428852.27,21293.6
OSORIO,18992654.799999997,46414,409.20099108027745,663.562,0.751,11.33,188602201.25,169121765.0,34323.48
PAIM FILHO,3432137.85,3778,908.4536394917947,182.115,0.706,25.64,16899702.9,16053471.0,28327.75
PALMARES DO SUL,7723558.51,11330,681.6909541041482,949.201,0.715,12.82,52680638.489999995,42667143.55,41484.76
PALMEIRA DAS MISSOES,22847790.39,33131,689.6197032990251,1421.101,0.737,9.51,121172369.05,99775042.53999999,43616.98
PALMITINHO,6868719.62,7056,973.457996031746,144.181,0.72,9.71,23985745.4,21713190.67,25956.58
PANAMBI,24872799.680000003,44128,563.6511892675853,491.57,0.761,4.62,160725226.64000002,123331172.62,49260.55
PANTANO GRANDE,8104847.000000001,9083,892.309479246945,841.225,0.661,28.04,39933607.93,31375538.49,37352.14
PARAI,7981710.14,7727,1032.9636521288987,121.745,0.773,12.99,32214119.74,26005852.599999998,38249.25
PARAISO DO SUL,4526791.8,7623,593.8333726879181,337.534,0.676,12.5,25119612.349999998,18573907.88,20382.24
PARECI NOVO,4904600.649999999,3862,1269.9639176592439,57.373,0.749,23.81,24422333.97,19560797.72,25141.19
PAROBE,7493309.140000001,58858,127.31165075265895,108.707,0.704,8.11,141258013.32,125522970.02,21283.76
PASSA SETE,3497159.240000001,5747,608.5190951800942,304.833,0.622,22.22,24975845.64,16691943.139999999,18428.98
PASSO DO SOBRADO,4231108.37,6574,643.6124688165501,265.133,0.698,18.52,27529859.659999996,21687518.520000003,26492.16
PASSO FUNDO,104092491.72,204722,508.45777063530056,784.407,0.776,10.06,586902494.89,488853849.66,45327.11
PAULO BENTO,3135452.86,2299,1363.8333449325794,149.669,0.71,45.45,14103805.93,12506574.42,41540.84
PAVERAMA,3693897.7299999995,8515,433.81065531415146,171.863,0.683,14.08,27127157.29,22223125.2,20008.85
PEDRAS ALTAS,5414664.76,1954,2771.066919140225,1373.985,0.64,40,21970296.37,17420896.229999997,54878.22
PEDRO OSORIO,3888845.1499999994,7706,504.6515896703866,603.757,0.678,21.05,19654378.71,17521234.9,19281.18
PEJUCARA,7495636.89,3857,1943.3852450090744,414.106,0.741,34.48,27297667.95,22616013.13,68905.46
PELOTAS,94786508.01,343132,276.2391966065538,1609.708,0.739,9.98,971193148.5,906719095.11,25884.35
PICADA CAFE,4855588.5200000005,5738,846.2161937957477,84.28,0.758,17.86,25349329.06,22979172.95,60482.63
PINHAL,5098647.219999999,2580,1976.219852713178,68.222,0.72,25.64,20455133.18,17193109.43,28699.25
PINHAL DA SERRA,9867433.819999997,1918,5144.647455683002,438.11,0.65,41.67,22970921.93,22080858.88,130250.55
PINHAL GRANDE,8477593.090000002,4329,1958.3259621159625,478.11,0.678,24.39,30382866.99,23215439.91,157011.32
PINHEIRINHO DO VALE,4364052.75,4899,890.8048071034905,105.385,0.71,19.23,20459155.88,18631299.470000003,17490.5
PINHEIRO MACHADO,7819215.469999999,12195,641.1820803608035,2248.221,0.661,8.13,48905904.43,45734597.45,23263.4
PINTO BANDEIRA,3337286.3699999996,3036,1099.2379347826086,104.821,-,43.48,14467067.49,11108026.4,17997.61
PIRAPO,2460331.89,2254,1091.540323868678,293.723,0.669,62.5,17905294.77,14141198.21,28699.24
PIRATINI,13051017.28,20704,630.3621174652241,3537.799,0.658,14.85,56646538.14,47976888.980000004,20169.21
PLANALTO,5107109.37,10019,509.7424263898593,228.552,0.687,13.51,28002303.950000003,24449525.57,19210.19
POCO DAS ANTAS,4897676.140000001,2101,2331.1166777724898,67.571,0.744,50,16406041.819999998,14422349.24,42139.95
PONTAO,7654310.860000001,3901,1962.140697257114,502.709,0.725,23.26,27746146.64,20610489.16,57698.04
PONTE PRETA,2656017.05,1524,1742.793339895013,99.504,0.725,71.43,13275171.01,12621980.25,39438.58
PORTAO,15574668.77,37561,414.6500031948031,159.298,0.713,2.54,101076284.77,77849970.83999999,33064.14
PORTO ALEGRE,559119650.41,1488252,375.6888285115692,495.39,0.805,8.98,6432707506.45,6018787333.25,52149.66
PORTO LUCENA,2457265.09,4594,534.8857400957771,250.876,0.693,28.57,18865505.9,15171325.33,21969.76
PORTO MAUA,2094637.84,2352,890.5773129251701,105.811,0.698,55.56,16609542.219999999,13514162.469999999,25576.93
PORTO VERA CRUZ,1167637.0899999999,1308,892.6889067278287,114.284,0.69,200,14782762.85,11208938.59,22295.78
PORTO XAVIER,3438513.8599999994,10194,337.3076182067882,281.497,0.723,8.7,34964183.519999996,28743095.05,17084.16
POUSO NOVO,2190129.3300000005,1612,1358.6410235732014,105.358,0.715,38.46,13879546.63,11780656.950000001,25068.23
PRESIDENTE LUCENA,3689497.8299999996,2937,1256.213084780388,49.628,0.757,27.78,17376934.25,14205845.91,48987.29
PROGRESSO,4095608.9699999997,6239,656.4527921141208,256.039,0.683,41.67,22832203.24,20131230.25,19875.75
PROTASIO ALVES,3489915.9899999998,1938,1800.7822445820432,171.973,0.733,105.26,15653768.190000001,12395695.030000001,26527.18
PUTINGA,3430329.619999999,3889,882.0595577269219,205.117,0.715,40,21130190.39,16192123.100000001,23834.38
QUARAI,13778987.81,22607,609.5009426283895,3139.995,0.704,24.69,56380148.96,49859726.04,19655.67
QUATRO IRMAOS,3696607.8699999996,1856,1991.7068265086205,268.971,0.689,95.24,14900215.399999999,13110285.540000001,71454.35
QUEVEDOS,3783426.980000001,2790,1356.0670179211472,543.359,0.665,66.67,19134968.45,15199941.35,64739.81
QUINZE DE NOVEMBRO,5701873.4,3803,1499.309334735735,223.072,0.756,48.78,25348842.990000002,20229110.0,39063.17
REDENTORA,5364344.88,11669,459.7090479047048,303.705,0.631,16.3,31559839.639999997,23904781.69,15104.23
RELVADO,2883768.0399999996,2079,1387.0938143338142,123.353,0.731,83.33,14006518.120000001,11627646.82,22419.38
RESTINGA SECA,11149521.95,15744,708.1759368648374,968.62,0.683,18.87,54621887.53,42293254.68,29261.26
RIO DOS INDIOS,2445105.0700000003,2660,919.2124323308271,235.854,0.656,20.41,20732234.06,15571328.32,30590.88
RIO GRANDE,113175023.77000001,211965,533.9326009954474,2709.391,0.744,11.56,644061467.1999999,563818866.35,51681.23
RIO PARDO,17732329.94,38265,463.40859636743767,2051.112,0.693,9.95,132982824.09,117970465.71000001,24379.36
RIOZINHO,2909087.8700000006,4676,622.1317087254065,239.562,0.661,23.26,22374144.47,16935051.31,26746.67
ROCA SALES,10031128.09,11471,874.4772112283149,208.108,0.729,10.2,37649029.55,31424997.38,40933.3
RODEIO BONITO,7035139.1899999995,5868,1198.8989758009543,83.278,0.732,26.32,24351403.13,21326858.540000003,29815.99
ROLADOR,3355610.9399999995,2296,1461.5030226480833,295.326,0.689,55.56,17227047.310000002,13600066.08,42416.84
ROLANTE,9854031.459999999,21453,459.33116393977525,296.09,0.688,3.91,68409169.07000001,55429956.57,29148.17
RONDA ALTA,8361676.14,10617,787.5742808703023,418.675,0.724,10.31,38154294.410000004,30104886.55,33171.06
RONDINHA,5550660.61,5080,1092.649726377953,252.454,0.764,16.67,24925571.48,19522660.15,36694.9
ROQUE GONZALES,5747507.03,6797,845.5946785346476,349.074,0.688,14.49,30054594.2,24804549.15,116928.24
ROSARIO DO SUL,20191086.589999996,39314,513.585150073765,4343.656,0.699,4.33,90822353.14999999,88789650.69,22909.03
SAGRADA FAMILIA,1361058.17,2605,522.4791439539347,77.889,0.678,41.67,13979160.53,12838278.02,22059.43
SALDANHA MARINHO,4852809.56,2622,1850.8045614035086,221.554,0.762,34.48,21594187.68,17592682.12,61415.45
SALTO DO JACUI,11180845.29,12481,895.829283711241,507.698,0.687,6.49,45260142.099999994,39403692.18,64808.0
SALVADOR DAS MISSOES,5693553.109999999,2733,2083.261291620929,94.312,0.753,34.48,23897324.400000002,17970347.150000002,45272.54
SALVADOR DO SUL,7705706.879999999,7889,976.7659880846747,99.046,0.74,11.76,35144115.68,26192670.21,36513.05
SANANDUVA,10456676.549999999,16328,640.4138014453698,504.438,0.747,9.66,57316579.19,46193544.39,36886.58
SANTA BARBARA DO SUL,15636193.629999999,7909,1977.01272347958,975.799,0.725,10.53,50459831.61,39578038.68,97177.43
SANTA CECILIA DO SUL,3564698.7999999993,1634,2181.5782129742956,200.056,0.725,-,14605681.12,11351329.34,45803.27
SANTA CLARA DO SUL,5989354.62,6681,896.4757700942973,86.442,0.74,12.99,24697066.74,22464798.0,40944.1
SANTA CRUZ DO SUL,86683173.66000001,131365,659.8650604042174,733.898,0.773,11.11,439345341.67,407139776.38,73286.09
SANTA MARGARIDA SUL,5689767.59,283677,20.0572044614121,1780.194,0.784,8.26,706132362.1,626436472.3199999,27785.51
SANTA MARIA,83805037.62,6364,13168.610562539285,140.437,0.676,17.24,21783486.9,18332267.86,30458.86
SANTA MARIA HERVAL,4277804.52,2578,1659.3500853374708,955.299,0.663,33.33,19713577.55,16044512.78,89179.78
SANTA ROSA,38540656.35,8067,4777.569895872071,1420.616,0.633,52.63,30554421.3,23191471.82,23216.69
SANTA TEREZA,2040131.4100000001,76321,26.730931329516125,6946.407,0.727,15.47,224827494.83,251327565.46,33840.09
SANTA VITORIA PALMAR,42893218.470000006,73575,582.9863196738023,489.38,0.769,13.62,306360703.95,272965861.02000004,41100.58
SANTANA DA BOA VISTA,6748151.819999999,1726,3909.7055735805325,74.054,0.746,-,12244141.51,10447961.97,21624.84
SANTANA LIVRAMENTO,40181334.26,29483,1362.864507004036,5195.667,0.712,2.49,129295566.64999999,107901644.48,44990.62
SANTIAGO,18974530.260000005,49360,384.41106685575375,2414.195,0.766,12.24,138856280.29,117755055.63,29150.81
SANTO ANGELO,20808227.459999997,77568,268.25788288985143,679.34,0.772,9.42,200461513.29999998,169399678.74,34128.89
SANTO ANT DA PATRULH,16771421.84,2123,7899.868977861516,126.094,0.764,125,16295852.049999999,13156345.709999999,41726.95
SANTO ANT DAS MISSOE,9442524.740000002,43171,218.72379004424272,1049.583,0.717,22.22,146703979.66000003,110134547.47,29889.94
SANTO ANT DO PALMA,4383643.63,10050,436.18344577114425,1710.869,0.686,18.35,44915454.019999996,40358883.77,36914.92
SANTO ANT PLANALTO,2772829.47,2019,1373.3677414561664,203.44,0.759,43.48,19140354.889999997,13838669.72,55201.52
SANTO AUGUSTO,9351982.310000002,13848,675.3309004910458,467.775,0.739,10.93,46494446.97,41360595.220000006,39859.94
SANTO CRISTO,9761010.57,14216,686.6214525886326,367.202,0.738,6.62,54368231.66,43788205.95,39854.23
SANTO EXPEDITO SUL,2824159.12,2305,1225.2317223427333,125.595,0.732,62.5,13880856.73,12613435.86,31755.81
SAO BORJA,30387860.509999994,60019,506.30401222946057,3616.69,0.736,10.94,180337802.31,164521139.79,31467.27
SAO DOMINGOS DO SUL,2895312.23,3083,939.1217093739864,78.67,0.763,35.71,15424567.0,13259659.600000001,21209.98
SAO FRANC.DE ASSIS,13405360.62,18205,736.3559802252128,2506.975,0.675,5.1,60086399.1,50295422.36,26750.31
SAO FRANC.DE PAULA,17647821.490000002,21801,809.495963029219,3317.858,0.685,14.55,66358752.410000004,54502298.629999995,28411.7
SAO GABRIEL,31871293.110000003,62147,512.8371942330282,5053.46,0.699,11.22,162022341.41,154465556.79,29673.16
SAO JERONIMO,8399448.43,24412,344.07047476650826,935.596,0.696,10.34,63031779.72,50246231.099999994,24175.77
SAO JOAO DA URTIGA,3691078.4799999995,4641,795.3196466278819,171.029,0.694,23.81,20518258.32,16522655.610000001,28405.38
SAO JOAO DO POLESINE,2154392.7900000005,2543,847.1855249705075,78.32,0.748,50,15066591.88,12942992.43,29436.62
SAO JORGE,3354369.4299999997,2816,1191.182325994318,125.62,0.732,55.56,14707808.61,12438128.73,30950.1
SAO JOSE DAS MISSOES,1704123.9700000002,2514,677.8536077963406,98.125,0.651,38.46,14575069.18,13126614.17,23328.64
SAO JOSE DO HERVAL,1564792.08,1943,805.3484714359239,103.094,0.717,58.82,16469944.200000001,13874176.27,22473.78
SAO JOSE DO HORTENCI,3571987.4800000004,4865,734.2214758478932,63.709,0.707,50,23081315.58,13689074.08,25747.38
SAO JOSE DO INHACORA,3137592.8099999996,2056,1526.0665418287936,77.732,0.747,121.21,19512047.740000002,14829084.96,45716.07
SAO JOSE DO NORTE,18726778.25,27721,675.5448306338155,1071.824,0.623,10.24,76082119.07000001,66830988.53,29672.28
SAO JOSE DO OURO,5767457.55,6922,833.20681161514,335.287,0.755,23.53,24464905.59,21289708.19,41988.99
SAO JOSE DO SUL,4035191.380000001,2437,1655.802782109151,55.209,0.725,45.45,16595338.01,14639882.63,25294.4
SAO JOSE DOS AUSENTE,4804458.05,3543,1356.0423511148742,1173.907,0.663,29.41,21706336.86,17801153.5,25747.6
SAO LEOPOLDO,92633866.12000002,238648,388.1610829338608,103.009,0.739,11.07,823933217.28,683237360.7299999,38317.82
SAO LOURENCO DO SUL,24169760.1,43540,555.1162172714745,2036.125,0.687,6.85,131236725.15,119778029.63000001,24393.81
SAO LUIZ GONZAGA,16660636.85,33293,500.4246192893401,1295.522,0.741,9.17,110383986.95,85442159.73,39604.23
SAO MARCOS,15321121.169999998,21658,707.4116340382305,256.177,0.768,4.65,78979189.58000001,57990235.01,39582.39
SAO MARTINHO,5041484.74,5380,937.0789479553904,171.245,0.726,16.13,26942505.42,22407688.96,40661.63
SAO MARTINHO DA SERR,4562632.17,3231,1412.1424233983287,669.547,0.652,31.25,15510063.93,15293597.93,63596.46
SAO MIGUEL DAS MISSO,10875525.8,7683,1415.5311466874919,1228.447,0.667,13.89,39979405.95,30007491.54,67646.01
SAO NICOLAU,4444634.41,5208,853.4244258832565,485.588,0.645,17.54,22770009.83,18296808.150000002,29221.11
SAO PAULO MISSOES,3514666.04,5720,614.4521048951049,223.942,0.692,73.17,24483269.639999997,22144813.24,27672.47
SAO PEDRO DA SERRA,4377462.86,3842,1139.370864133264,35.062,0.739,52.63,21641924.76,15750041.91,21246.01
SAO PEDRO DAS MISSOE,1340749.43,2017,664.7245562716906,79.894,0.664,35.71,13206660.83,9277515.030000001,35682.98
SAO PEDRO DO BUTIA,4592218.239999999,2949,1557.2120176330957,107.559,0.763,41.67,19555636.88,17325795.59,34668.76
SAO PEDRO DO SUL,4620942.93,16148,286.1619352241764,873.394,0.709,13.07,0.01,40911177.29,24488.08
SAO SEBASTIAO DO CAI,13428522.11,25959,517.2973577564621,114.294,0.739,13.2,86031932.72,69340080.59,27553.28
SAO SEPE,13347000.100000001,23555,566.631292719168,2204.779,0.708,7.72,81659210.1,69739422.78999999,33987.83
SAO VALENTIM,3231818.46,3259,991.6595458729671,154.45,0.72,26.32,16532064.549999999,14004721.96,27291.96
SAO VALENTIM DO SUL,2440308.4399999995,2245,1086.997077951002,91.898,0.764,66.67,16017680.54,12034638.059999999,30591.01
SAO VALERIO DO SUL,2049571.69,2729,751.0339648222792,107.402,0.642,31.25,19042675.37,11951288.360000001,20339.58
SAO VENDELINO,3219633.1900000004,2266,1420.844302736099,32.105,0.754,50,18520062.38,14174160.6,34171.74
SAO VICENTE DO SUL,6058230.549999999,8732,693.796444113605,1174.822,0.685,19.8,33015254.45,26139496.810000002,31529.04
SAPIRANGA,32870179.200000007,80037,410.68729712507974,136.473,0.711,5.84,242237512.85999998,197811400.33,40789.31
SAPUCAIA DO SUL,48684115.99,141808,343.3100811660837,58.247,0.726,10.24,410795091.05,342724512.14,24171.89
SARANDI,13969822.86,24763,564.1409708032145,351.717,0.777,3.13,69050860.82000001,58763837.41,37996.58
SEBERI,9155955.44,10713,854.6584000746756,300.827,0.723,11.49,38883947.910000004,35658576.739999995,33163.84
SEDE NOVA,3765448.77,2891,1302.4727672085783,119.312,0.712,83.33,18281842.49,13463775.69,34369.5
SEGREDO,4082562.37,7444,548.4366429339066,246.222,0.659,15.63,25044744.17,20375548.68,17702.17
SELBACH,6314191.359999999,5107,1236.379745447425,176.471,0.777,19.61,26094671.94,20502423.37,47164.56
SENADOR SALGADO FILH,3462646.03,2770,1250.0527184115522,147.068,0.693,30.3,16026212.41,13551100.270000001,32865.05
SENTINELA DO SUL,3139075.39,5609,559.6497397040471,282.13,0.671,19.23,17498881.79,12382564.52,14667.21
SERAFINA CORREA,12986725.980000002,17795,729.7963461646531,163.31,0.76,19.8,67939374.13,50366826.88999999,38580.62
SERIO,2379639.59,1924,1236.8189137214135,98.131,0.652,41.67,16022378.41,12783159.799999999,21111.62
SERTAO,6992994.400000001,5315,1315.7092003762937,440.631,0.751,38.46,24975644.7,19782849.54,55662.39
SERTAO SANTANA,3385679.0900000003,6537,517.9255147621234,252.013,0.689,14.71,23041612.08,18652368.119999997,36759.96
SETE DE SETEMBRO,2277120.9800000004,1950,1167.754348717949,129.238,0.683,55.56,15185753.979999999,11705490.680000002,31626.87
SEVERIANO DE ALMEIDA,4554872.779999999,3631,1254.4403139630954,167.598,0.752,28.57,18105493.68,15538267.43,27331.21
SILVEIRA MARTINS,2055222.6300000006,2374,865.721411120472,119.285,0.742,34.48,16691009.790000001,12786556.350000001,22214.65
SINIMBU,4964396.02,10162,488.5254890769533,510.233,0.631,11.36,31098909.029999997,27519725.139999997,19081.78
SOBRADINHO,2574392.8199999994,15005,171.56899833388866,128.379,0.743,10.58,47243600.8,36513509.86,24319.95
SOLEDADE,12240143.209999997,31035,394.39804124375695,1215.056,0.731,13.33,91170414.74,78970209.57000001,31513.04
TABAI,2261820.7300000004,4769,474.2756825330259,94.754,0.701,25.97,17034111.43,15246406.53,17437.52
TAPEJARA,17155149.270000003,24552,698.727161534702,238.082,0.76,15.63,82299297.28,65260465.42,47621.01
TAPERA,7288103.389999999,10577,689.05203649428,179.935,0.747,7.69,40152869.85,33062245.889999997,42813.31
TAPES,8117659.22,17332,468.36252134779596,805.452,0.695,27.47,53514172.11,45269762.01,20628.25
TAQUARA,10818237.55,57584,187.8688099124757,453.328,0.727,7.51,137620970.37,127511933.22,22810.98
TAQUARI,11023934.62,26885,410.04034294216103,349.967,0.733,7.22,70999080.46,54766114.66,27940.73
TAQUARUCU DO SUL,3947953.1300000004,3077,1283.0526909327268,76.917,0.739,33.33,16734767.72,14411146.08,38042.53
TAVARES,3753945.86,5483,684.6518074047054,610.106,0.656,40.82,18141475.009999998,15330368.13,15105.24
TENENTE PORTELA,8398996.67,13434,625.20445660265,337.495,0.708,13.95,45582811.56,38130895.97,31143.69
TERRA DE AREIA,3746305.3699999996,11315,331.091946089262,142.275,0.689,8.33,34061951.95,28441737.21,20216.48
TEUTONIA,25943442.069999997,33766,768.330334360007,177.795,0.747,7.63,110157347.71000001,90968106.86,43670.5
TIO HUGO,3099660.24,3055,1014.6187364975451,113.944,0.742,32.26,16434358.17,14351300.66,40982.73
TIRADENTES DO SUL,3821533.9499999993,5616,680.4725694444443,236.653,0.689,17.24,19060100.470000003,16642448.700000001,21643.52
TOROPI,1749536.1799999997,2772,631.145808080808,198.316,0.683,31.25,15554639.47,12731786.0,25393.82
TORRES,12158259.87,39064,311.23950107515867,161.624,0.762,8.47,169908107.07999998,125784969.08,29651.15
TRAMANDAI,11420533.309999999,52632,216.9883969828241,142.878,0.719,9.35,170036584.12,138712808.62,20251.61
TRAVESSEIRO,4933244.960000001,2334,2113.6439417309343,80.681,0.701,52.63,15671345.9,12121609.17,25835.77
TRES ARROIOS,2904640.4000000004,2643,1098.9937192584187,148.601,0.791,71.43,20530117.58,15393232.309999999,28953.81
TRES CACHOEIRAS,4294680.62,11115,386.38602069275754,251.483,0.718,32.52,30345049.040000003,27135622.04,23133.56
TRES COROAS,12760823.63,28581,446.47925649907285,165.285,0.71,6.85,78753172.15,65554094.67000001,33865.84
TRES DE MAIO,11147241.969999999,23876,466.8806320154129,421.461,0.759,12.54,82018448.1,67636026.46,45387.3
TRES FORQUILHAS,2060371.2200000002,2669,771.9637392281754,217.386,0.662,64.52,18604031.53,14653959.98,18680.71
TRES PALMEIRAS,3755589.1899999995,4251,883.4601717243,180.599,0.703,35.09,25913256.81,21359505.89,32041.51
TRES PASSOS,13372992.37,23852,560.6654523729666,268.902,0.768,6.54,75393391.49,69032232.58,34502.66
TRINDADE DO SUL,5802416.360000001,5791,1001.9713969953378,268.417,0.687,10.75,26409189.09,21705867.34,31011.96
TRIUNFO,100188966.22000001,29856,3355.7397581725622,817.625,0.733,11.76,295042395.99,227491583.58,304208.49
TUCUNDUVA,4258713.7299999995,5644,754.5559408221119,181.198,0.747,18.87,24542487.0,20325368.77,37999.36
TUNAS,2785058.71,4577,608.4899956303256,217.302,0.657,19.61,18186330.17,15617895.92,17590.48
TUPANCI DO SUL,1824811.6399999997,1459,1250.7276490747086,135.243,0.694,111.11,12541959.82,10855367.260000002,35215.93
TUPANCIRETA,22022425.359999996,24068,915.0085324912745,2253.234,0.709,20.58,95314406.34,74158869.97,53810.85
TUPANDI,13450349.73,4939,2723.29413444017,59.447,0.718,15.15,39076897.3,29898768.59,105038.43
TUPARENDI,6855009.800000001,7810,877.7221254801537,307.71,0.728,13.51,30477996.299999997,24110694.69,37062.96
TURUCU,3217005.6500000004,3423,939.8205229330997,253.635,0.629,34.48,17276938.65,15930104.46,27945.49
UBIRETAMA,2439694.0999999996,1983,1230.304639435199,125.876,0.7,55.56,15684202.719999999,11469783.68,30873.19
UNIAO DA SERRA,3204397.61,1118,2866.187486583184,131.154,0.733,-,13497071.459999999,11127853.48,43421.1
UNISTALDA,3221290.7399999998,2321,1387.8891598448943,602.387,0.649,34.48,14251609.370000001,12973823.73,29029.6
URUGUAIANA,45246916.92999999,126866,356.6512456450112,5702.098,0.744,12.26,260960889.69,238532897.7,21808.17
VACARIA,40419796.599999994,66575,607.1317551633496,2124.422,0.721,14.14,183509551.14,166734123.82999998,34272.82
VALE DO SOL,5628848.24,3515,1601.3793001422475,329.727,0.646,28.57,15584366.799999999,14566600.07,21943.58
VALE REAL,3244881.099999999,11828,274.33894994927283,328.272,0.624,25.97,37093594.4,27843448.55,18979.05
VALE VERDE,2998850.5399999996,5981,501.3961778966727,45.085,0.737,16.13,23496351.64,18689412.810000002,22086.84
VANINI,2320625.4499999997,2122,1093.6029453345898,64.905,0.757,47.62,14325636.399999999,12242607.86,27960.98
VENANCIO AIRES,38746111.38,71973,538.3423142011588,772.588,0.712,7.77,270616602.04,191959838.72,49352.93
VERA CRUZ,11417133.61,27099,421.3119897413188,309.621,0.737,7.6,91512436.2,71010897.67999999,24467.49
VERANOPOLIS,18190551.12,26533,685.5821475144161,289.464,0.773,16.33,110813656.74000001,86664552.91,59746.82
VESPASIANO CORREA,3968385.9699999997,1795,2210.7999832869077,113.622,0.723,66.67,14310530.04,12559540.77,36744.41
VIADUTOS,4084059.57,4690,870.8016140724947,268.072,0.702,24.39,23335950.27,16472337.0,28451.04
VIAMAO,55060755.65000001,256302,214.82764726767647,1496.506,0.717,12.43,470583148.53000003,413102047.15,14732.35
VICENTE DUTRA,3111951.56,4599,676.6583083278974,193.025,0.638,20,17422359.209999997,15724661.92,19951.01
VICTOR GRAEFF,4823206.35,2860,1686.4357867132867,238.133,0.777,38.46,24144002.47,19296020.47,60269.84
VILA FLORES,4851447.4799999995,3396,1428.576996466431,107.652,0.742,27.78,22025219.130000003,18331649.75,52292.58
VILA LANGARO,4253353.76,2080,2044.8816153846153,151.695,0.705,83.33,19345421.020000003,15531094.02,52981.15
VILA MARIA,6766086.039999999,4363,1550.787540683016,181.061,0.761,19.61,25551440.19,25792265.39,48434.54
VILA NOVA DO SUL,3367459.7299999995,4277,787.341531447276,508.278,0.662,20,21363677.29,15179467.57,28174.72
VISTA ALEGRE,3667394.1899999995,2739,1338.9537020810512,77.63,0.739,71.43,15257042.36,14045109.33,30292.95
VISTA ALEGRE PRATA,3346332.6800000006,1557,2149.218163134233,119.327,0.78,100,16019989.56,13632601.7,34542.61
VISTA GAUCHA,4197166.08,2855,1470.110711033275,90.022,0.757,30.3,19112491.32,14759481.540000001,23348.1
VITORIA DAS MISSOES,3063351.14,3092,990.7345213454075,258.312,0.655,43.48,17737486.669999998,13974190.49,31116.94
WESTFALIA,9909135.99,3031,3269.262946222369,63.665,0.752,32.26,24614499.54,20070725.490000002,55984.31
XANGRI-LA,1649113.17,16775,98.30778956780924,60.799,0.735,3.48,113733087.11,107033461.23,31202.93
